{
  "version": "1.0",
  "last_checkpoint": 1753595955.5893946,
  "processed_files": {
    "/home/user/.claude/projects/-home-user--claude-projects/fa87bda0-3a12-4e51-9614-0337fae9cf9e.jsonl": {
      "last_modified": 1753252160.3167193,
      "content_hash": "cb7763e63abb1ccc0bf4ae19284bf2e2",
      "last_processed": 1753595743.0821521
    },
    "/home/user/.claude/projects/-home-user-AI-Orchestrator-Platform-PRPs-agentic-eng-PRPs/d89cea3d-7c33-4b05-8f15-d53f533d4aa5.jsonl": {
      "last_modified": 1753347359.422038,
      "content_hash": "8a37ea7a20201e0d15c77952a0551c0c",
      "last_processed": 1753595742.9329307
    },
    "/home/user/.claude/projects/-home-user-tylergohr-com/aadb9045-42f8-4687-98d9-3e2fd42fb3fc.jsonl": {
      "last_modified": 1753229053.85408,
      "content_hash": "32c18d22b1ddbdc2ae8cef733d0396bb",
      "last_processed": 1753595743.0154772
    },
    "/home/user/.claude/projects/-home-user/9596c41e-3cd8-4a42-a39f-5eef91fc3c23.jsonl": {
      "last_modified": 1753000492.00143,
      "content_hash": "9a6981823ea511d4ab5461c70e4c64de",
      "last_processed": 1753595742.9880385
    },
    "/home/user/.claude/projects/-home-user/4942d447-7847-4727-8e93-e073fd6997b8.jsonl": {
      "last_modified": 1753004683.1162612,
      "content_hash": "9e2000dcb754ff00c5d6280114d72f23",
      "last_processed": 1753595742.98162
    },
    "/home/user/.claude/projects/-home-user-tylergohr-com/fc8cb143-6048-473a-83f8-1dccd54bd1c4.jsonl": {
      "last_modified": 1753096930.863043,
      "content_hash": "18060f2d822beb4d0933c4f78b175f38",
      "last_processed": 1753595742.956275
    },
    "/home/user/.claude/projects/-home-user-tylergohr-com/48e20cfb-3ba4-4c59-ad99-842a83fcf61c.jsonl": {
      "last_modified": 1753231527.135157,
      "content_hash": "793763db578826fbfb88a423cfaf8ac8",
      "last_processed": 1753595743.0479364
    },
    "/home/user/.claude/projects/-home-user/14437fe7-45f9-4b33-83eb-85fe59a144f2.jsonl": {
      "last_modified": 1753355754.6000023,
      "content_hash": "c6b736713f0c743622b0f0d8cd18e6c2",
      "last_processed": 1753595743.0352392
    },
    "/home/user/.claude/projects/-home-user/65691b8e-5626-4aff-b44c-ba3ac17b64e8.jsonl": {
      "last_modified": 1753353859.7569025,
      "content_hash": "9cc56a4e0801db6d89c2f684fa180da9",
      "last_processed": 1753595743.0490112
    },
    "/home/user/.claude/projects/-home-user/0ad8a2a2-1326-4d29-85bc-dc1247f73a57.jsonl": {
      "last_modified": 1753003020.0968175,
      "content_hash": "a7d8a80904e4dba630ef5200e764c34a",
      "last_processed": 1753595743.0426254
    },
    "/home/user/.claude/projects/-home-user-tylergohr-com/b3696269-e144-42b5-b676-73adb838ae67.jsonl": {
      "last_modified": 1753225591.7854352,
      "content_hash": "2b8d94ea2ca7b6d9875f7a80c20f0d01",
      "last_processed": 1753595742.9614277
    },
    "/home/user/.claude/projects/-home-user-invoice-chaser/5e6d17c4-ca07-40ef-9ac3-52f6f1304c14.jsonl": {
      "last_modified": 1753334245.5579379,
      "content_hash": "ddd397e4a6233b2f0572611dff6740ca",
      "last_processed": 1753595743.0437415
    },
    "/home/user/.claude/projects/-home-user/ad5e5b51-3a23-413c-8dc3-a558a792eb77.jsonl": {
      "last_modified": 1752923870.7871928,
      "content_hash": "825382dc2c61e7dadf2194b69c30394b",
      "last_processed": 1753595743.0196872
    },
    "/home/user/.claude/projects/-home-user-tylergohr-com/4199dde6-e29d-4219-8e4a-a4fa85585d8a.jsonl": {
      "last_modified": 1753229657.8650339,
      "content_hash": "58ea6f0dc7dad886b9ff230525cb91da",
      "last_processed": 1753595743.01066
    },
    "/home/user/.claude/projects/-home-user-AI-Orchestrator-Platform-PRPs-agentic-eng-PRPs/37a2c671-3fd8-4d11-90a6-737eecebcfb2.jsonl": {
      "last_modified": 1753348013.6033251,
      "content_hash": "ba3c6f4733c4eb8009a3afcb091b113f",
      "last_processed": 1753595743.0718176
    },
    "/home/user/.claude/projects/-home-user/667138be-7db1-48d3-ad66-066c49cdea7d.jsonl": {
      "last_modified": 1753005277.1210093,
      "content_hash": "98fd775fce9af45bc821fd955bf751f3",
      "last_processed": 1753595742.9467208
    },
    "/home/user/.claude/projects/-home-user-tylergohr-com/8d4d3247-ae81-451f-8f83-464475959957.jsonl": {
      "last_modified": 1753221544.358126,
      "content_hash": "09dbab1c669ea47ebdc9f6ec5692d9e8",
      "last_processed": 1753595742.9202611
    },
    "/home/user/.claude/projects/-home-user-tylergohr-com/4325e946-4557-4129-a2e7-cbd00df8b9a5.jsonl": {
      "last_modified": 1753253920.1536903,
      "content_hash": "710531061a4d0f87b39b8b94557f7940",
      "last_processed": 1753595743.0687697
    },
    "/home/user/.claude/projects/-home-user/7dac4121-173c-443c-b359-b5f7c272f4be.jsonl": {
      "last_modified": 1753096793.9819682,
      "content_hash": "24148ce539b295d37c02d4330315dd0d",
      "last_processed": 1753595742.9890745
    },
    "/home/user/.claude/projects/-home-user-claude-error-analysis-20250723-054949/9dcdd8cd-165d-41cb-b771-ea1daf48f43f.jsonl": {
      "last_modified": 1753250743.027241,
      "content_hash": "97f64f37840621d5d863bf3baca285c0",
      "last_processed": 1753595743.0755844
    },
    "/home/user/.claude/projects/-home-user-tylergohr-com/9e14796f-f3ab-43c5-97cd-f3ccfdd5cee2.jsonl": {
      "last_modified": 1753098342.9540308,
      "content_hash": "f6142d62c16557aae9004103b1c4d28a",
      "last_processed": 1753595743.0862916
    },
    "/home/user/.claude/projects/-home-user-tylergohr-com/a1d81a92-f7dd-40b8-9735-5def9d90a087.jsonl": {
      "last_modified": 1753230463.6770084,
      "content_hash": "f4c6d1b1d2f24128b657bbe1dcf77670",
      "last_processed": 1753595742.9622383
    },
    "/home/user/.claude/projects/-home-user-tylergohr-com/c5b5d371-08e4-447a-b4da-c6a4d6fb6791.jsonl": {
      "last_modified": 1752926781.4776795,
      "content_hash": "54b9071db57d254cebee0b74425033ba",
      "last_processed": 1753595742.9185765
    },
    "/home/user/.claude/projects/-home-user--claude-projects/47e91be5-b4d3-42c3-993c-de35bff50dad.jsonl": {
      "last_modified": 1753249321.2654428,
      "content_hash": "aa5ab8391b11bc3c6a577c9309bd23d1",
      "last_processed": 1753595743.032856
    },
    "/home/user/.claude/projects/-home-user/d6281655-86c7-4594-a3f1-a5facf768f41.jsonl": {
      "last_modified": 1753003501.574255,
      "content_hash": "b082e7da48720219fb492fcf6c6fd243",
      "last_processed": 1753595742.9544423
    },
    "/home/user/.claude/projects/-home-user-AI-Orchestrator-Platform/fd3f130f-db20-4b0d-a80d-7b105837a01f.jsonl": {
      "last_modified": 1753334615.8543015,
      "content_hash": "99d5eefb697ff894547c3e76c2a0d53f",
      "last_processed": 1753595742.9578822
    },
    "/home/user/.claude/projects/-home-user-tylergohr-com/a65dc782-d790-4a15-b622-8c1cc61a3c09.jsonl": {
      "last_modified": 1753230703.2888422,
      "content_hash": "5922d44bc7cda09df2a4d2d56d780299",
      "last_processed": 1753595742.9579685
    },
    "/home/user/.claude/projects/-home-user-tylergohr-com/b7b5e912-87f1-4ef1-94de-2636135ed54a.jsonl": {
      "last_modified": 1753332536.3716784,
      "content_hash": "6c4bb1239d2b1e5076db59a90cb6a0bd",
      "last_processed": 1753595743.028008
    },
    "/home/user/.claude/projects/-home-user-tylergohr-com/9f43cff8-41a9-4ad8-a371-c16afb7abdfa.jsonl": {
      "last_modified": 1753086881.9849114,
      "content_hash": "0bb7c57b579841f3210e39904dacc259",
      "last_processed": 1753595742.9927351
    },
    "/home/user/.claude/projects/-home-user/ff4e6424-2fa2-41df-92ab-7b11a7f41247.jsonl": {
      "last_modified": 1753005747.5456667,
      "content_hash": "c4b21b84bd6046f6084a92972da3a1fb",
      "last_processed": 1753595742.9031923
    },
    "/home/user/.claude/projects/-home-user-tylergohr-com/7aaa102b-a39d-4ff3-aef3-b5a4c3a5a736.jsonl": {
      "last_modified": 1753229678.264552,
      "content_hash": "403e6273ed47906ab357e88d280afe94",
      "last_processed": 1753595742.974676
    },